Ativo,Qtd Registros,Ocorrencias,Acertos,Erros,% Acerto,G/L Total,G/L Med.,Max. Loss,Max. Gain,Volume Min,Volume Med
AMAR3,251,29,7,22,0.2413793103448276,-0.12598049159342628,-0.004344154882531941,-0.018,0.0774550484094052,2263600,7114871.314741036